Doc number,Claim number,Claim type,Response number,Response type
2,1,No cred,2,No cred
2,2,No cred,3,No cred
2,3,No cred,4,Ack no cred
2,4,Ack no cred,5,Ack no cred
2,5,Ack no cred,6,Source
2,3,No cred,7,No cred
2,3,No cred,8,No cred
2,3,No cred,9,No cred
2,1,No cred,10,No cred
2,10,No cred,11,Credential
2,11,Credential,12,Accept
2,11,Credential,13,Accept
2,11,Credential,14,Accept
2,11,Credential,15,Accept
2,11,Credential,16,Follow-up
2,16,Follow-up,17,Refd cred
2,17,Refd cred,18,Follow-up
2,18,Follow-up,None,None
2,6,Source,None,None
2,7,No cred,None,None
2,8,No cred,None,None
2,9,No cred,None,None
2,11,Credential,19,Follow-up
2,19,Follow-up,20,Refd cred
2,19,Follow-up,21,Ack no cred
2,19,Follow-up,22,Experience
2,11,Credential,23,Accept
2,11,Credential,24,Credential
2,11,Credential,25,Accept
2,22,Experience,None,None
2,11,Credential,26,Follow-up
2,26,Follow-up,None,None
2,27,No cred,None,None
2,24,Credential,None,None
2,21,Ack no cred,None,None
2,20,Refd cred,None,None
2,10,No cred,28,Reject
2,28,Source,None,None
2,1,No cred,29,No cred
2,29,No cred,None,None
2,1,No cred,30,Follow-up
2,30,Follow-up,None,None
2,1,No cred,31,Ack no cred
2,31,Ack no cred,None,None
2,1,No cred,32,No cred
2,32,No cred,None,None
2,33,No cred,34,Source
2,34,Source,35,No cred
2,35,No cred,36,No cred
2,36,No cred,37,Follow-up
2,37,Follow-up,38,No cred
2,34,Source,39,No cred
2,39,No cred,40,Follow-up
2,40,Follow-up,41,No cred
2,41,No cred,42,No cred
2,42,No cred,None,None
2,40,Follow-up,43,No cred
2,43,No cred,None,None
2,40,Follow-up,44,Source
2,44,Source,None,None
2,39,No cred,45,Source
2,45,Source,46,Experience
2,46,Experience,47,Refd cred
2,47,Refd cred,None,None
2,46,Experience,48,No cred
2,48,No cred,49,No cred
2,49,No cred,None,None
2,45,Source,50,Follow-up
2,50,Follow-up,51,Refd cred
2,51,Refd cred,None,None
2,45,Source,52,No cred
2,52,No cred,None,None
2,33,No cred,53,Ack no cred
2,53,Ack no cred,None,None
2,54,No cred,None,None
2,55,Ack no cred,None,None
2,56,Ack no cred,None,None
2,57,No cred,None,None
2,58,No cred,62,Accept
2,59,No cred,None,None
2,60,No cred,61,Reject
2,61,Source,None,None
3,1,No cred,None,None
3,2,No cred,None,None
8,2,No cred,3,Accept
8,4,Ack no cred,None,None
8,5,Source,None,None
8,2,No cred,5,Invoke
8,7,No cred,8,Accept
8,9,No cred,None,None
8,10,No cred,None,None
8,12,No cred,13,Accept
8,12,No cred,14,Reject
8,14,No cred,None,None
8,15,Source,None,None
8,18,No cred,19,Reject
8,19,No cred,None,None
8,18,No cred,20,No cred
8,20,No cred,None,None
8,22,No cred,None,None
8,24,No cred,None,None
8,26,No cred,None,None
8,27,Source,None,None
8,29,No cred,30,Invoke
8,30,No cred,None,None
8,31,No cred,None,None
8,32,No cred,None,None
14,1,Source,2,Accept
14,2,No cred,3,Reject
14,4,Source,None,None
14,5,No cred,6,Follow-up
14,6,Follow-up,None,None
14,5,No cred,7,Reject
14,8,No cred,None,None
14,9,Source,10,Follow-up
14,10,Follow-up,11,Refd cred
14,11,Refd cred,12,Follow-up
14,12,Follow-up,13,Refd cred
14,13,Refd cred,None,None
14,14,No cred,None,None
14,15,Source,16,Accept
14,17,No cred,None,None
15,1,No cred,2,Accept
15,2,Source,None,None
15,3,No cred,None,None
15,4,No cred,5,No cred
15,5,No cred,None,None
15,6,No cred,7,Accept
15,8,Ack no cred,None,None
15,9,Source,10,Reject
15,10,No cred,11,Follow-up
15,11,Follow-up,12,Source
15,10,No cred,12,Reject
15,12,Source,13,Accept
15,12,Source,14,No cred
15,14,No cred,None,None
15,10,No cred,15,Reject
15,15,No cred,16,Follow-up
15,16,Follow-up,17,Refd cred
15,17,Refd cred,None,None
15,15,No cred,18,Reject
15,18,Source,19,Reject
15,19,Source,20,Elab source
15,20,Elab source,None,None
15,21,No cred,22,Reject
15,22,No cred,23,Reject
15,23,No cred,None,None
15,24,No cred,25,Reject
15,25,No cred,None,None
20,1,No cred,None,None
23,1,Refd cred,2,No cred
23,2,No cred,3,No cred
23,3,No cred,4,Ack no cred
23,4,Ack no cred,5,Accept
23,5,Source,6,Source
23,6,Source,7,No cred
23,7,No cred,None,None
23,2,No cred,8,Reject
23,8,No cred,None,None
23,2,No cred,9,Reject
23,9,No cred,None,None
23,10,No cred,None,None
23,11,Refd cred,None,None
23,13,Refd cred,None,None
23,23,No cred,12,Reject
23,12,No cred,None,None
23,14,Refd cred,16,No cred
23,16,No cred,None,None
23,15,Experience,None,None
23,17,Refd cred,None,None
23,18,No cred,20,Follow-up
23,20,Follow-up,19,No cred
23,19,No cred,None,None
23,21,No cred,None,None
23,22,Source,None,None
25,1,No cred,None,None
25,2,No cred,None,None
25,3,No cred,None,None
25,4,No cred,None,None
28,1,No cred,2,Accept
28,2,No cred,13,No cred
28,3,Experience,None,None
28,4,Experience,5,Experience
28,5,Experience,None,None
28,4,Experience,6,Credential
28,6,Credential,7,Credential
28,7,Credential,8,Source
28,8,Source,None,None
28,7,Credential,9,Experience
28,6,Credential,10,No cred
28,10,No cred,None,None
28,11,No cred,None,None
28,12,Source,None,None
28,13,No cred,14,Source
28,14,Source,15,Accept
28,16,Source,None,None
28,2,No cred,17,No cred
28,17,No cred,18,No cred
28,18,No cred,19,Reject
28,19,No cred,None,None
28,17,No cred,20,Ack no cred
28,20,Ack no cred,21,Accept
28,21,No cred,None,None
28,1,No cred,22,Source
28,23,No cred,24,Ack no cred
28,24,Ack no cred,None,None
28,22,Source,25,Experience
28,25,Experience,None,None
28,1,No cred,26,No cred
28,26,No cred,None,None
28,1,No cred,27,No cred
28,27,No cred,29,Accept
28,29,No cred,None,None
28,1,No cred,28,No cred
28,28,No cred,None,None
28,1,No cred,30,No cred
28,30,No cred,31,Accept
28,31,No cred,None,None
28,1,No cred,32,Accept
28,32,Ack no cred,33,Reject
28,33,No cred,None,None
28,1,No cred,35,No cred
28,35,No cred,34,Reject
28,34,No cred,None,None
28,36,Experience,37,Follow-up
28,37,Follow-up,38,Refd cred
28,38,Refd cred,39,Follow-up
28,39,Follow-up,40,Refd cred
28,40,Refd cred,41,No cred
28,41,No cred,None,None
28,39,Follow-up,42,No cred
28,42,No cred,None,None
28,37,Follow-up,43,Experience
28,43,Experience,None,None
28,37,Follow-up,44,No cred
28,44,No cred,None,None
28,36,Experience,45,Credential
28,45,Credential,None,None
28,46,Refd cred,None,None
28,36,Experience,47,No cred
28,47,No cred,None,None
28,48,Credential,None,None
28,49,Ack no cred,50,No cred
28,50,No cred,None,None
28,51,Source,None,None
28,52,Credential,None,None
28,53,No cred,54,Reject
28,54,Credential,55,Follow-up
28,55,Follow-up,56,Elab credential
28,56,Elab credential,None,None
28,57,No cred,None,None
28,58,No cred,None,None
28,59,No cred,60,No cred
28,60,No cred,None,None
28,61,No cred,62,No cred
28,62,No cred,None,None
28,63,No cred,None,None
28,64,Credential,None,None
28,65,Experience,None,None
28,66,No cred,67,Reject
28,67,Credential,68,Follow-up
28,68,Follow-up,69,Refd cred
28,69,Refd cred,None,None
28,67,Credential,70,Follow-up
28,70,Follow-up,71,Refd cred
28,71,Refd cred,None,None
28,72,No cred,None,None
28,73,No cred,None,None
28,74,No cred,None,None
34,1,No cred,None,None
34,2,No cred,3,No cred
34,3,No cred,None,None
34,4,Source,5,Accept
34,6,No cred,None,None
34,7,Experience,None,None
34,8,No cred,None,None
34,9,Source,11,Follow-up
34,11,Follow-up,10,Refd cred
34,10,Refd cred,None,None
34,12,Source,None,None
34,13,No cred,None,None
34,14,No cred,None,None
36,1,Experience,None,None
36,2,No cred,None,None
36,3,Ack no cred,4,Accept
36,4,Source,None,None
36,5,Source,6,Reject
36,6,Source,None,None
36,7,Experience,None,None
36,8,No cred,9,No cred
36,9,No cred,None,None
36,10,Source,None,None
36,11,Experience,12,No cred
36,12,No cred,None,None
36,13,Source,14,No cred
36,14,No cred,None,None
36,15,No cred,None,None
36,13,Source,16,No cred
36,13,Source,17,No cred
36,16,No cred,None,None
36,17,No cred,None,None
36,18,No cred,19,Source
36,19,Source,None,None
36,20,Source,None,None
36,21,No cred,None,None
36,22,No cred,None,None
36,23,No cred,24,No cred
36,24,No cred,25,Reject
36,25,No cred,None,None
36,26,Source,27,Source
36,27,Source,None,None
36,28,No cred,None,None
36,29,Source,30,No cred
36,30,No cred,None,None
36,31,Source,None,None
36,32,No cred,None,None
36,33,No cred,None,None
42,1,No cred,2,Accept
42,1,No cred,3,Reject
42,3,No cred,4,Reject
42,4,No cred,None,None
42,5,No cred,None,None
42,6,Source,None,None
42,8,No cred,9,Accept
42,10,No cred,None,None
42,11,No cred,None,None
42,12,No cred,13,Reject
42,13,No cred,None,None
42,12,No cred,31,Accept
42,14,Source,None,None
42,16,Ack no cred,15,Reject
42,15,No cred,None,None
42,16,Ack no cred,17,No cred
42,17,No cred,20,Source
42,20,Source,None,None
42,18,Experience,19,No cred
42,19,No cred,None,None
42,22,No cred,None,None
42,23,No cred,24,No cred
42,24,No cred,None,None
42,25,No cred,None,None
42,26,Source,None,None
42,27,No cred,28,No cred
42,28,No cred,None,None
42,29,No cred,None,None
42,30,Source,None,None
47,1,Refd cred,2,No cred
47,2,No cred,None,None
47,3,Refd cred,4,Refd cred
47,4,Refd cred,5,Follow-up
47,5,Follow-up,6,Refd cred
47,6,Refd cred,None,None
47,7,Source,None,None
47,8,No cred,9,Accept
47,9,Refd cred,10,Accept
47,11,Refd cred,13,No cred
47,13,No cred,14,No cred
47,14,No cred,15,Accept
47,15,No cred,16,Accept
47,16,Refd cred,None,None
47,14,No cred,17,Source
47,17,Source,None,None
47,12,No cred,None,None
47,13,No cred,18,Experience
47,18,Experience,None,None
47,11,Refd cred,19,No cred
47,19,No cred,20,No cred
47,20,No cred,21,No cred
47,21,No cred,22,Follow-up
47,22,Follow-up,23,Source
47,23,Source,None,None
47,22,Follow-up,24,No cred
47,24,No cred,25,No cred
47,25,No cred,None,None
47,22,Follow-up,26,Source
47,26,Source,None,None
47,27,Refd cred,28,Refd cred
47,28,Refd cred,None,None
47,29,Refd cred,None,None
47,30,Refd cred,31,Reject
47,32,Refd cred,None,None
47,33,Refd cred,None,None
47,34,Refd cred,None,None
47,35,Refd cred,None,None
47,36,No cred,None,None
47,37,Refd cred,38,Accept
47,38,No cred,None,None
47,39,Source,40,Accept
47,41,Refd cred,None,None
47,39,Source,42,Reject
47,43,No cred,44,Refd cred
47,44,Refd cred,45,No cred
47,46,Refd cred,None,None
47,45,No cred,None,None
47,47,Refd cred,48,Accept
47,49,Refd cred,None,None
47,50,Refd cred,None,None
47,51,Source,52,Follow-up
47,52,Follow-up,None,None
47,53,Refd cred,None,None
47,54,Refd cred,55,Ack no cred
47,55,Ack no cred,56,Accept
47,56,Refd cred,None,None
47,57,Refd cred,None,None
47,58,Refd cred,59,Follow-up
47,59,Follow-up,60,Refd cred
47,60,Refd cred,61,Accept
47,58,Refd cred,62,Accept
47,64,Refd cred,None,None
47,63,No cred,None,None
47,65,Refd cred,None,None
47,66,Refd cred,67,No cred
47,67,No cred,None,None
47,68,Source,69,Accept
47,69,Refd cred,None,None
47,70,Refd cred,None,None
47,71,Refd cred,72,Follow-up
47,72,Follow-up,None,None
47,73,Refd cred,None,None
47,74,Refd cred,None,None
47,75,Refd cred,None,None
47,76,Refd cred,None,None