,ELI5 Page 1 Day 1,ELI5 Page 2 Day 1,ELI5 page 2 day 2.pdf,ELI5 page1day2.pdf,I Am A Page 1 Day 1.pdf,I Am A Page 2 Day 1.pdf,I Am A page1day2.pdf,I Am A page2day2.pdf,News Page 1 Day 1.pdf,News Page 1 Day 2.pdf,News Page 2 Day 1.pdf,News page2day2.pdf,Space Page 1 Day 1.pdf,Space Page 2 Day 1.pdf,Space page1day2.pdf,Space page2day2.pdf
Comments - 0,0,1,3,0,9,4,2,4,0,0,1,0,8,11,6,13
Comments - 1,0,3,2,2,0,2,3,5,0,0,1,0,5,1,1,4
Comments - 2,0,2,3,0,1,4,1,0,2,0,1,2,1,2,1,2
Comments - 3,1,1,3,3,1,0,2,1,0,1,2,0,1,2,2,1
Comments - 4,0,1,2,1,0,1,1,1,0,0,0,1,2,1,1,2
Comments - 5,1,3,4,1,2,1,0,0,0,0,3,1,0,2,1,0
Comments - 6,0,3,1,1,0,2,1,0,0,0,0,1,1,0,0,1
Comments - 7,1,1,0,0,0,0,1,1,0,0,0,1,0,2,0,0
Comments - 8,0,3,1,1,0,1,0,0,0,0,2,1,0,0,0,1
Comments - 9,2,0,1,0,0,2,0,0,0,0,0,0,0,0,2,0
Comments - 10,3,1,1,2,0,0,0,0,2,1,0,0,0,1,1,0
Comments - 11,0,0,0,0,0,0,0,1,0,0,0,1,0,0,0,0
Comments - 12,0,1,0,0,0,1,0,1,0,0,2,1,0,0,0,0
Comments - 13,0,2,0,0,0,0,0,0,0,0,0,1,1,0,1,0
Comments - 14,0,0,0,0,0,0,0,0,0,0,0,0,0,0,2,0
Comments - 15,0,0,0,2,1,0,0,0,0,0,0,1,1,0,0,0
Comments - 16,1,0,2,1,0,0,0,0,0,0,0,0,0,0,0,0
Comments - 17,3,0,0,0,1,0,0,0,0,0,0,0,1,0,1,0
Comments - 18,0,0,0,0,0,0,0,1,1,0,0,0,0,0,0,0
Comments - 19,1,0,1,1,0,0,0,0,1,2,0,0,0,0,0,0
Comments - 20,1,0,0,0,0,0,0,0,0,0,1,0,1,0,0,0
Comments - 21,0,1,0,0,0,0,0,1,0,0,0,1,0,0,0,0
Comments - 22,0,0,0,0,0,0,0,1,1,0,1,0,0,0,0,0
Comments - 23,0,0,0,0,0,0,0,0,1,0,0,0,0,0,0,0
Comments - 24,0,0,0,1,0,0,0,0,0,0,0,0,0,0,0,0
Comments - 25,0,0,0,0,0,0,1,1,0,1,0,0,1,0,0,0
Comments - 26,0,0,0,1,0,0,1,0,0,0,0,0,0,0,1,0
Comments - 27,0,1,0,0,0,0,0,0,0,0,0,0,0,0,0,0
Comments - 28,1,0,0,0,0,0,0,0,0,0,1,0,1,0,0,0
Comments - 29,0,0,0,0,0,0,0,0,1,0,0,0,0,0,0,0
Comments - 30,0,0,0,1,0,0,1,0,0,0,0,1,0,0,0,0
Comments - 33,1,0,1,0,0,0,0,0,1,1,0,0,0,0,0,0
Comments - 34,0,0,0,1,1,0,0,0,1,0,0,0,1,0,0,0
Comments - 35,0,0,0,0,0,0,0,0,0,0,0,0,0,0,1,0
Comments - 36,0,0,0,0,0,0,0,0,0,1,0,1,0,0,0,0
Comments - 37,1,0,0,0,0,0,0,0,0,0,0,0,0,0,0,0
Comments - 41,0,0,0,0,0,0,0,0,0,0,0,0,0,1,0,0
Comments - 44,0,0,0,0,1,0,0,0,0,1,0,0,0,0,0,0
Comments - 46,0,0,0,0,0,0,1,0,0,0,0,0,0,0,0,0
Comments - 47,0,0,0,0,0,1,0,0,0,0,0,0,0,0,0,0
Comments - 48,0,0,0,0,0,0,0,0,0,0,0,1,0,0,0,0
Comments - 49,0,0,0,0,0,0,1,0,0,0,0,0,0,0,0,0
Comments - 50,0,0,0,0,0,0,0,0,0,0,1,1,0,0,0,0
Comments - 53,0,0,0,0,1,0,0,0,0,0,0,0,0,0,0,0
Comments - 54,0,0,0,0,0,0,2,0,0,0,0,0,0,0,0,0
Comments - 56,1,0,0,1,0,0,0,0,1,0,1,0,0,0,0,0
Comments - 60,0,0,0,0,0,1,0,0,0,1,0,1,0,0,0,0
Comments - 62,0,0,0,0,0,0,0,0,0,0,0,1,0,0,0,0
Comments - 63,0,0,0,0,0,0,0,1,0,1,0,0,0,0,1,0
Comments - 64,1,0,0,0,0,0,0,0,0,0,0,0,0,0,0,0
Comments - 67,1,0,0,0,0,0,0,0,0,0,0,0,0,0,0,0
Comments - 70,0,0,0,0,1,0,0,0,0,0,0,0,0,0,0,0
Comments - 71,0,1,0,0,0,0,0,0,0,0,0,0,0,0,0,0
Comments - 72,0,0,0,0,0,0,0,1,0,0,0,0,0,0,0,0
Comments - 74,0,0,0,0,0,0,0,0,0,0,0,1,0,0,0,0
Comments - 75,0,0,0,0,0,0,0,0,0,1,0,0,0,0,0,0
Comments - 77,0,0,0,0,0,0,0,0,0,1,0,0,0,0,0,0
Comments - 79,0,0,0,0,1,0,0,0,0,0,0,0,0,0,0,0
Comments - 82,0,0,0,0,0,1,0,0,0,0,0,0,0,0,0,0
Comments - 83,0,0,0,0,0,0,0,0,0,0,1,0,0,0,0,0
Comments - 85,0,0,0,0,0,0,0,0,0,0,0,0,0,1,0,0
Comments - 89,1,0,0,0,0,0,0,0,0,0,0,0,0,0,0,0
Comments - 92,1,0,0,0,0,0,0,0,0,0,0,0,0,0,0,0
Comments - 103,0,0,0,0,0,0,1,0,0,0,0,0,0,0,0,0
Comments - 104,0,0,0,1,0,0,0,0,0,0,0,0,0,0,0,0
Comments - 105,0,0,0,0,0,0,0,0,0,1,0,0,0,0,0,0
Comments - 116,0,0,0,0,0,0,0,0,1,0,0,0,0,0,0,0
Comments - 123,0,0,0,0,0,0,0,0,1,0,0,0,0,0,0,0
Comments - 126,1,0,0,0,0,0,0,0,0,0,0,0,0,0,0,0
Comments - 130,0,0,0,0,0,0,0,1,0,0,0,0,0,0,0,0
Comments - 131,0,0,0,0,1,0,0,0,0,0,0,0,0,0,0,0
Comments - 141,0,0,0,0,0,0,0,1,0,0,0,0,0,0,0,0
Comments - 142,0,0,0,0,0,0,0,0,1,0,0,0,0,0,0,0
Comments - 147,0,0,0,0,0,0,0,0,0,0,0,1,0,0,0,0
Comments - 148,0,0,0,0,0,0,0,0,0,0,1,0,0,0,0,0
Comments - 150,0,0,0,0,0,0,0,0,0,0,0,1,0,0,0,0
Comments - 158,0,0,0,0,1,0,1,0,0,0,0,0,0,0,0,0
Comments - 162,0,0,0,0,0,0,0,0,0,0,0,1,0,0,0,0
Comments - 164,0,0,0,1,0,0,0,0,0,0,0,0,0,0,0,0
Comments - 165,0,0,0,0,0,0,0,0,0,0,1,0,0,0,0,0
Comments - 171,0,0,0,1,0,0,0,0,0,0,0,0,0,0,0,0
Comments - 185,0,0,0,0,0,0,0,1,0,0,0,0,0,0,0,0
Comments - 192,0,0,0,0,0,0,0,0,0,0,1,0,0,0,0,0
Comments - 199,0,0,0,0,0,0,0,0,0,1,0,0,0,0,0,0
Comments - 201,0,0,0,0,0,0,1,0,0,0,0,0,0,0,0,0
Comments - 205,0,0,0,0,0,0,1,0,0,0,0,0,0,0,0,0
Comments - 207,0,0,0,0,0,0,0,0,0,1,0,0,0,0,0,0
Comments - 208,0,0,0,0,0,1,0,0,0,0,0,0,0,0,0,0
Comments - 218,0,0,0,0,0,0,0,0,1,0,0,0,0,0,0,0
Comments - 241,0,0,0,0,0,0,1,0,0,0,0,0,0,0,0,0
Comments - 244,0,0,0,0,0,0,0,0,1,0,0,0,0,0,0,0
Comments - 246,0,0,0,0,0,0,0,0,1,0,0,0,0,0,0,0
Comments - 250,0,0,0,0,0,0,0,0,0,0,0,1,0,0,0,0
Comments - 263,0,0,0,0,0,0,0,0,0,0,0,0,0,0,1,0
Comments - 270,0,0,0,0,0,0,0,0,1,0,0,0,0,0,0,0
Comments - 291,0,0,0,0,0,0,0,0,0,0,0,1,0,0,0,0
Comments - 295,0,0,0,0,0,0,0,0,0,0,1,0,0,0,0,0
Comments - 297,0,0,0,0,0,0,0,0,0,1,0,0,0,0,0,0
Comments - 313,0,0,0,0,0,0,0,0,0,1,0,0,0,0,0,0
Comments - 327,1,0,0,0,0,0,0,0,0,0,0,0,0,0,0,0
Comments - 376,0,0,0,0,0,1,0,0,0,0,0,0,0,0,0,0
Comments - 399,0,0,0,0,0,0,0,0,0,0,0,1,0,0,0,0
Comments - 426,0,0,0,0,0,0,0,0,0,0,0,0,0,0,1,0
Comments - 434,0,0,0,0,0,0,0,0,0,0,0,0,0,0,1,0
Comments - 439,0,0,0,0,0,0,0,0,1,0,0,0,0,0,0,0
Comments - 445,0,0,0,0,0,0,0,0,0,1,0,0,0,0,0,0
Comments - 463,0,0,0,0,0,0,0,0,0,0,0,0,0,1,0,0
Comments - 478,0,0,0,0,0,0,0,0,0,1,0,0,0,0,0,0
Comments - 508,0,0,0,0,0,0,0,0,0,1,0,0,0,0,0,0
Comments - 517,0,0,0,0,0,0,0,0,0,0,0,0,0,0,0,1
Comments - 578,0,0,0,0,0,0,0,0,1,0,0,0,0,0,0,0
Comments - 606,0,0,0,0,0,0,0,0,1,0,0,0,0,0,0,0
Comments - 739,0,0,0,0,0,0,0,0,0,0,1,0,0,0,0,0
Comments - 833,0,0,0,0,0,0,0,0,1,0,0,0,0,0,0,0
Comments - 858,0,0,0,1,0,0,0,0,0,0,0,0,0,0,0,0
Comments - 859,0,0,0,0,1,0,0,0,0,0,0,0,0,0,0,0
Comments - 1000,0,0,0,0,1,0,0,0,0,0,0,0,0,0,0,0
Comments - 1011,0,0,0,0,0,0,0,0,0,0,0,0,0,0,1,0
Comments - 1020,0,0,0,0,0,0,1,0,0,0,0,0,0,0,0,0
Comments - 1105,0,0,0,0,0,0,0,0,0,1,0,0,0,0,0,0
Comments - 1148,0,0,0,1,0,0,0,0,0,0,0,0,0,0,0,0
Comments - 1212,1,0,0,0,0,0,0,0,0,0,0,0,0,0,0,0
Comments - 1427,0,0,0,0,0,0,0,0,0,1,0,0,0,0,0,0
Comments - 1519,0,0,0,0,0,0,0,0,1,0,0,0,0,0,0,0
Comments - 1563,0,0,0,0,0,0,0,0,0,0,1,0,0,0,0,0
Comments - 1578,0,0,0,0,0,0,0,1,0,0,0,0,0,0,0,0
Comments - 2159,0,0,0,0,0,1,0,0,0,0,0,0,0,0,0,0
Comments - 2327,0,0,0,0,0,0,0,0,0,0,1,0,0,0,0,0
Comments - 2378,0,0,0,0,0,1,0,0,0,0,0,0,0,0,0,0
Comments - 2447,0,0,0,0,0,0,0,0,0,0,0,0,1,0,0,0
Comments - 2611,0,0,0,0,1,0,0,0,0,0,0,0,0,0,0,0
Comments - 2616,0,0,0,0,0,0,0,0,0,1,0,0,0,0,0,0
Comments - 2648,0,0,0,0,0,0,0,0,0,1,0,0,0,0,0,0
Comments - 2736,0,0,0,0,0,0,0,1,0,0,0,0,0,0,0,0
Comments - 3376,0,0,0,0,0,0,0,0,1,0,0,0,0,0,0,0
Comments - 5396,0,0,0,0,0,0,1,0,0,0,0,0,0,0,0,0
Comments - 8067,0,0,0,0,0,0,0,0,0,1,0,0,0,0,0,0